,Date,Time,,,,,
1,2/8/2021,9:16,,,,,
2,3/5/2021,3:14 PM,,,,,
3,3/6/2021,12:06 PM,,,,,
4,4/2/2021,10:17 AM,,,,,
5,4/13/2021,9:13 PM,,,,,
6,4/16/2021,9:19 AM,,,,,
7,4/26/2021,5:01 PM,,,,,
8,4/26/2021,1:39 PM,,,,,
9,4/27/2021,11:27 PM,,,,,
10,4/28/2021,11:29 PM,,,,,
11,4/28/2021,9:43 AM,,,,,
12,4/29/2021,2:22 PM,,,,,
13,4/30/2021,1:23 PM,,,,,
14,5/2/2021,5:49 PM,,,,,
15,5/2/2021,5:49 PM,,,,,
,,,,,,,
,,,,,,,
,,,,,,,
,,,,,,,
,,,,,,,
,,,,,,,
,,,,,,,
,,,,,,,
,,,,,,,
,,,,,,,
,,,,,,,
,,,,,,,
,,,,,,,
,,,,,,,
,,,,,,,
,,,,,,,
,,,,,,,
,,,,,,,
,,,,,,,
,,,,,,,
,,,,,,,
,,,,,,,
,,,,,,,
,,,,,,,
,,,,,,,
,,,,,,,
,,,,,,,
,,,,,,,
,,,,,,,
,,,,,,,
,,,,,,,
,,,,,,,
,,,,,,,
,,,,,,,
,,,,,,,
,,,,,,,
,,,,,,,
,,,,,,,
,,,,,,,
,,,,,,,
,,,,,,,
,,,,,,,
,,,,,,,
,,,,,,,
,,,,,,,
